{"6": 0.02264362970987956, "8": 0.045115907621566365}